"DIALOGUE ID","START TIME","END TIME"
"1002","02:00:22","02:00:25"
"1003","02:00:22","02:00:25"
"1004","02:00:22","02:00:25"
"1005","02:00:22","02:00:25"
"4","00:03:00","00:03:06"
"5","00:03:00","00:03:06"
"6","00:03:00","00:03:06"
"7","00:03:00","00:03:06"
"8","00:03:07","00:03:08"
"9","00:03:07","00:03:08"
"10","00:03:07","00:03:08"
"11","00:03:07","00:03:08"
"12","00:03:07","00:03:08"
"13","00:03:07","00:03:08"
"14","00:03:07","00:03:08"
"15","00:03:07","00:03:08"
"16","00:03:07","00:03:08"
"17","00:03:07","00:03:08"
"18","00:03:07","00:03:08"
"19","00:03:07","00:03:08"
"20","00:03:07","00:03:08"
"21","00:03:12","00:03:14"
"22","00:03:14","00:03:17"
"23","00:03:14","00:03:17"
"24","00:03:14","00:03:27"
"25","00:03:25","00:03:27"
"26","00:03:27","00:03:29"
"27","00:03:30","00:03:33"
"28","00:03:47","00:03:49"
"29","00:03:47","00:03:49"
"30","00:03:47","00:03:49"
"31","00:03:47","00:03:49"
"32","00:03:47","00:03:49"
"33","00:03:47","00:03:49"
"34","00:03:47","00:03:49"
"35","00:03:47","00:03:49"
"36","00:03:47","00:03:49"
"37","00:03:47","00:03:49"
"38","00:03:47","00:03:49"
"39","00:03:47","00:03:49"
"40","00:03:47","00:03:49"
"41","00:03:47","00:03:49"
"42","00:03:47","00:03:49"
"43","00:03:47","00:03:49"
"44","00:03:47","00:03:49"
"45","00:03:47","00:03:49"
"46","00:03:47","00:03:49"
"47","00:03:47","00:03:49"
"48","00:03:47","00:03:49"
"49","00:03:47","00:03:49"
"50","00:03:47","00:03:49"
"51","00:03:47","00:03:49"
"52","00:03:47","00:03:49"
"53","00:03:47","00:03:49"
"54","00:03:47","00:03:49"
"55","00:03:47","00:03:49"
"56","00:03:47","00:03:49"
"57","00:03:47","00:03:49"
"58","00:03:47","00:03:49"
"59","00:03:47","00:04:12"
"60","00:04:12","00:04:14"
"61","00:04:14","00:04:17"
"62","00:04:14","00:04:17"
"63","00:04:35","00:04:38"
"64","00:04:35","00:04:38"
"65","00:04:42","00:04:47"
"66","00:04:51","00:04:54"
"67","00:05:02","00:05:06"
"68","00:05:14","00:05:16"
"69","00:05:14","00:05:16"
"70","00:05:23","00:05:27"
"71","00:05:35","00:05:37"
"72","00:05:39","00:05:46"
"73","00:05:46","00:05:49"
"74","00:05:46","00:05:53"
"75","00:05:56","00:06:00"
"76","00:05:56","00:06:00"
"77","00:05:56","00:06:06"
"78","00:06:02","00:06:06"
"79","00:06:13","00:06:27"
"80","00:06:24","00:06:27"
"81","00:06:24","00:06:32"
"82","00:06:32","00:06:34"
"83","00:06:32","00:06:34"
"84","00:06:46","00:06:49"
"85","00:06:54","00:06:56"
"86","00:07:04","00:07:06"
"87","00:07:04","00:07:06"
"88","00:07:04","00:07:10"
"89","00:07:08","00:07:14"
"90","00:07:14","00:07:16"
"91","00:07:24","00:07:26"
"92","00:07:52","00:07:57"
"93","00:07:52","00:07:57"
"94","00:07:52","00:08:11"
"95","00:08:08","00:08:11"
"96","00:08:13","00:08:16"
"97","00:08:13","00:08:16"
"98","00:08:16","00:08:20"
"99","00:08:20","00:08:23"
"100","00:08:23","00:08:25"
"101","00:08:40","00:08:43"
"102","00:08:43","00:08:47"
"103","00:08:47","00:08:51"
"104","00:08:47","00:08:51"
"105","00:08:47","00:08:51"
"106","00:08:47","00:08:51"
"107","00:08:47","00:08:51"
"108","00:08:47","00:08:51"
"109","00:08:47","00:08:51"
"110","00:08:47","00:08:51"
"111","00:08:47","00:08:51"
"112","00:08:47","00:08:51"
"113","00:08:47","00:08:51"
"114","00:08:47","00:08:51"
"115","00:08:47","00:08:51"
"116","00:08:47","00:08:51"
"117","00:08:47","00:08:51"
"118","00:08:47","00:08:51"
"119","00:08:47","00:08:51"
"120","00:12:24","00:12:26"
"121","00:12:37","00:12:39"
"122","00:12:39","00:12:42"
"123","00:12:42","00:12:46"
"124","00:12:42","00:12:46"
"125","00:13:32","00:13:41"
"126","00:14:03","00:14:09"
"127","00:14:17","00:14:19"
"128","00:14:17","00:14:19"
"129","00:14:17","00:14:19"
"130","00:14:17","00:14:42"
"131","00:14:42","00:14:45"
"132","00:14:45","00:14:48"
"133","00:14:48","00:14:53"
"134","00:14:48","00:14:53"
"135","00:15:11","00:15:14"
"136","00:15:11","00:15:14"
"137","00:15:11","00:15:14"
"138","00:15:11","00:15:17"
"139","00:15:17","00:15:21"
"140","00:15:17","00:15:21"
"141","00:15:21","00:15:24"
"142","00:15:28","00:15:31"
"143","00:15:32","00:15:35"
"144","00:15:32","00:15:35"
"145","00:15:32","00:15:35"
"146","00:15:32","00:15:35"
"147","00:17:11","00:17:14"
"148","00:17:11","00:17:14"
"149","00:17:11","00:17:14"
"150","00:17:11","00:17:14"
"151","00:17:11","00:17:14"
"152","00:17:11","00:17:14"
"153","00:17:11","00:17:14"
"154","00:17:11","00:17:14"
"155","00:17:11","00:17:14"
"156","00:17:11","00:18:00"
"157","00:17:58","00:18:00"
"158","00:18:04","00:18:11"
"159","00:18:07","00:18:11"
"160","00:18:07","00:18:11"
"161","00:18:07","00:18:11"
"162","00:18:07","00:18:11"
"163","00:18:07","00:18:11"
"164","00:18:53","00:18:55"
"165","00:18:53","00:18:55"
"166","00:18:53","00:18:55"
"167","00:18:53","00:18:55"
"168","00:18:53","00:18:55"
"169","00:18:53","00:18:55"
"170","00:18:53","00:18:55"
"171","00:18:53","00:18:55"
"172","00:18:53","00:18:55"
"173","00:18:53","00:19:15"
"174","00:19:11","00:19:15"
"175","00:19:46","00:19:48"
"176","00:19:46","00:19:48"
"177","00:19:46","00:19:48"
"178","00:19:46","00:19:48"
"179","00:19:46","00:19:48"
"180","00:19:46","00:19:48"
"181","00:19:46","00:19:48"
"182","00:19:46","00:21:38"
"183","00:21:35","00:21:38"
"184","00:21:35","00:21:38"
"185","00:21:35","00:21:38"
"186","00:21:35","00:21:38"
"187","00:21:35","00:21:38"
"188","00:21:35","00:21:38"
"189","00:26:02","00:26:04"
"190","00:26:02","00:26:04"
"191","00:26:02","00:26:04"
"192","00:26:02","00:26:04"
"193","00:26:02","00:26:04"
"194","00:26:02","00:26:04"
"195","00:26:02","00:26:04"
"196","00:26:02","00:26:04"
"197","00:26:02","00:26:04"
"198","00:26:02","00:26:04"
"199","00:26:02","00:26:04"
"200","00:26:02","00:26:04"
"201","00:26:02","00:26:04"
"202","00:26:02","00:26:04"
"203","00:26:02","00:26:04"
"204","00:26:02","00:26:04"
"205","00:26:02","00:26:04"
"206","00:26:02","00:26:04"
"207","00:26:02","00:26:04"
"208","00:26:02","00:26:04"
"209","00:26:02","00:26:04"
"210","00:26:02","00:26:04"
"211","00:26:02","00:26:04"
"212","00:26:02","00:26:04"
"213","00:26:02","00:26:04"
"214","00:26:02","00:26:04"
"215","00:26:02","00:26:04"
"216","00:26:02","00:26:04"
"217","00:26:02","00:26:04"
"218","00:26:02","00:26:04"
"219","00:26:02","00:26:04"
"220","00:26:02","00:26:04"
"221","00:26:02","00:26:04"
"222","00:26:02","00:26:04"
"223","00:26:02","00:26:04"
"224","00:26:02","00:26:04"
"225","00:26:02","00:26:04"
"226","00:26:02","00:26:34"
"227","00:26:31","00:26:34"
"228","00:26:31","00:26:34"
"229","00:26:31","00:26:34"
"230","00:26:31","00:26:34"
"231","00:26:31","00:26:34"
"232","00:27:21","00:27:24"
"233","00:27:21","00:27:24"
"234","00:27:21","00:28:44"
"235","00:28:39","00:28:44"
"236","00:28:39","00:28:44"
"237","00:28:39","00:28:44"
"238","00:28:39","00:28:44"
"239","00:28:39","00:28:44"
"240","00:28:39","00:28:44"
"241","00:28:39","00:28:44"
"242","00:28:39","00:28:44"
"243","00:28:39","00:28:44"
"244","00:28:39","00:28:44"
"245","00:28:39","00:28:44"
"246","00:28:39","00:28:44"
"247","00:28:44","00:28:48"
"248","00:28:48","00:28:52"
"249","00:28:53","00:28:56"
"250","00:28:56","00:29:10"
"251","00:29:05","00:29:58"
"252","00:29:52","00:29:58"
"253","00:29:52","00:29:58"
"254","00:29:52","00:29:58"
"255","00:29:52","00:29:58"
"256","00:29:52","00:29:58"
"257","00:29:52","00:29:58"
"258","00:29:52","00:29:58"
"259","00:30:20","00:30:22"
"260","00:30:20","00:30:22"
"261","00:30:20","00:30:22"
"262","00:31:48","00:32:55"
"263","00:32:52","00:32:55"
"264","00:32:52","00:33:00"
"265","00:32:58","00:33:00"
"266","00:32:58","00:33:00"
"267","00:33:55","00:33:57"
"268","00:33:55","00:33:57"
"269","00:33:55","00:33:57"
"270","00:33:55","00:34:52"
"271","00:34:53","00:34:59"
"272","00:34:56","00:34:59"
"273","00:35:05","00:35:07"
"274","00:35:07","00:35:13"
"275","00:35:10","00:35:20"
"276","00:35:22","00:35:24"
"277","00:35:26","00:35:28"
"278","00:35:28","00:35:30"
"279","00:36:05","00:36:07"
"280","00:36:05","00:36:07"
"281","00:36:05","00:36:07"
"282","00:36:05","00:36:07"
"283","00:36:05","00:36:07"
"284","00:36:05","00:36:07"
"285","00:36:05","00:36:24"
"286","00:36:20","00:36:24"
"287","00:36:36","00:36:40"
"288","00:36:36","00:36:40"
"289","00:36:36","00:36:40"
"290","00:36:36","00:36:40"
"291","00:36:36","00:36:40"
"292","00:36:36","00:36:40"
"293","00:36:36","00:36:40"
"294","00:36:36","00:36:40"
"295","00:36:36","00:36:40"
"296","00:36:36","00:36:40"
"297","00:36:36","00:36:40"
"298","00:36:36","00:36:42"
"299","00:36:40","00:36:42"
"300","00:36:40","00:36:42"
"301","00:36:53","00:37:20"
"302","00:37:16","00:37:20"
"303","00:37:16","00:37:20"
"304","00:37:16","00:37:27"
"305","00:37:23","00:37:30"
"306","00:37:27","00:37:36"
"307","00:37:33","00:37:45"
"308","00:37:46","00:37:51"
"309","00:37:52","00:37:54"
"310","00:37:52","00:37:54"
"311","00:37:52","00:37:54"
"312","00:37:52","00:37:54"
"313","00:37:54","00:37:56"
"314","00:37:56","00:38:00"
"315","00:37:56","00:38:00"
"316","00:37:56","00:38:00"
"317","00:37:56","00:38:00"
"318","00:38:05","00:38:10"
"319","00:38:10","00:38:19"
"320","00:38:17","00:38:19"
"321","00:38:17","00:38:19"
"322","00:38:21","00:38:29"
"323","00:38:27","00:38:44"
"324","00:38:44","00:38:50"
"325","00:38:44","00:39:08"
"326","00:39:04","00:39:08"
"327","00:39:04","00:39:08"
"328","00:39:04","00:39:08"
"329","00:39:04","00:39:08"
"330","00:39:04","00:39:08"
"331","00:39:04","00:39:08"
"332","00:39:04","00:39:08"
"333","00:39:04","00:39:08"
"334","00:39:04","00:39:08"
"335","00:39:04","00:39:08"
"336","00:39:04","00:39:08"
"337","00:39:04","00:39:19"
"338","00:39:23","00:39:29"
"339","00:39:26","00:39:29"
"340","00:39:31","00:39:36"
"341","00:39:34","00:39:36"
"342","00:39:34","00:39:36"
"343","00:39:43","00:39:53"
"344","00:39:53","00:39:55"
"345","00:39:53","00:39:58"
"346","00:39:58","00:40:11"
"347","00:40:13","00:40:15"
"348","00:40:13","00:40:27"
"349","00:40:22","00:40:27"
"350","00:40:22","00:40:35"
"351","00:40:33","00:40:35"
"352","00:40:33","00:40:35"
"353","00:40:35","00:40:43"
"354","00:40:43","00:40:46"
"355","00:40:46","00:40:51"
"356","00:40:53","00:40:54"
"357","00:40:57","00:41:00"
"358","00:43:13","00:43:16"
"359","00:43:13","00:43:26"
"360","00:43:26","00:43:33"
"361","00:43:33","00:43:39"
"363","00:43:39","00:43:42"
"364","00:43:44","00:43:49"
"365","00:44:03","00:44:13"
"366","00:44:13","00:44:15"
"367","00:44:15","00:44:26"
"368","00:44:26","00:44:29"
"369","00:44:30","00:44:37"
"370","00:44:34","00:44:37"
"371","00:44:34","00:44:37"
"372","00:44:41","00:44:44"
"373","00:44:41","00:44:49"
"374","00:44:49","00:44:54"
"375","00:44:58","00:45:02"
"376","00:45:05","00:45:08"
"377","00:45:13","00:45:15"
"378","00:45:17","00:45:30"
"379","00:45:26","00:45:30"
"380","00:45:30","00:45:32"
"381","00:45:30","00:45:32"
"382","00:45:30","00:45:42"
"383","00:45:44","00:45:50"
"384","00:45:51","00:45:53"
"385","00:45:53","00:45:58"
"386","00:45:53","00:45:58"
"387","00:46:17","00:46:20"
"388","00:46:17","00:46:22"
"389","00:46:20","00:46:28"
"390","00:46:26","00:46:28"
"391","00:46:26","00:46:54"
"392","00:46:58","00:47:02"
"393","00:47:02","00:47:12"
"394","00:47:13","00:47:15"
"395","00:47:15","00:47:47"
"396","00:47:51","00:47:54"
"397","00:47:51","00:48:00"
"398","00:47:57","00:48:00"
"399","00:47:57","00:48:00"
"400","00:48:33","00:48:40"
"401","00:48:40","00:48:51"
"402","00:48:47","00:48:51"
"403","00:48:51","00:48:56"
"404","00:48:51","00:49:02"
"405","00:49:00","00:49:02"
"406","00:49:02","00:49:07"
"407","00:49:02","00:49:07"
"408","00:49:02","00:49:07"
"409","00:49:02","00:49:07"
"410","00:49:02","00:49:07"
"411","00:49:02","00:49:07"
"412","00:49:07","00:49:12"
"413","00:49:12","00:49:14"
"414","00:49:16","00:49:20"
"415","00:49:16","00:49:20"
"416","00:49:26","00:49:29"
"417","00:49:29","00:49:34"
"418","00:49:29","00:49:34"
"419","00:49:29","00:49:34"
"420","00:49:29","00:49:34"
"421","00:49:29","00:49:34"
"422","00:49:29","00:49:34"
"423","00:49:29","00:49:34"
"424","00:49:29","00:49:34"
"425","00:49:29","00:49:34"
"426","00:49:29","00:49:34"
"427","00:49:29","00:49:34"
"428","00:49:29","00:49:34"
"429","00:49:29","00:49:34"
"430","00:49:29","00:49:34"
"431","00:49:29","00:49:34"
"432","00:50:21","00:50:28"
"433","00:50:24","00:50:28"
"434","00:50:24","00:50:28"
"435","00:50:24","00:50:42"
"436","00:50:40","00:51:05"
"437","00:51:01","00:51:05"
"438","00:51:01","00:51:05"
"439","00:51:12","00:51:16"
"440","00:51:16","00:51:19"
"441","00:51:41","00:51:50"
"442","00:51:46","00:51:53"
"443","00:51:50","00:51:53"
"444","00:51:50","00:51:53"
"445","00:51:50","00:51:53"
"446","00:53:20","00:53:23"
"447","00:53:20","00:53:23"
"448","00:53:20","00:54:44"
"449","00:54:44","00:54:46"
"450","00:54:46","00:54:51"
"451","00:54:51","00:55:00"
"452","00:55:08","00:55:14"
"453","00:55:11","00:55:14"
"454","00:55:14","00:55:19"
"455","00:55:19","00:55:25"
"456","00:55:22","00:55:40"
"457","00:55:36","00:55:40"
"458","00:55:36","00:55:40"
"459","00:55:42","00:55:46"
"460","00:55:42","00:55:46"
"461","00:56:28","00:56:55"
"462","00:56:55","00:57:03"
"463","00:57:03","00:57:16"
"464","00:57:32","00:57:35"
"465","00:57:37","00:57:48"
"466","00:57:45","00:57:48"
"467","00:58:04","00:58:10"
"468","00:58:10","00:58:12"
"469","00:58:12","00:58:20"
"470","00:58:14","00:58:20"
"471","00:58:14","00:58:20"
"472","00:59:45","00:59:53"
"473","00:59:48","00:59:53"
"474","00:59:48","00:59:53"
"475","00:59:48","00:59:53"
"476","00:59:48","00:59:53"
"477","00:59:48","00:59:53"
"478","00:59:48","00:59:53"
"479","00:59:48","00:59:53"
"480","00:59:48","00:59:53"
"481","00:59:48","00:59:53"
"482","00:59:48","00:59:53"
"483","00:59:48","00:59:53"
"484","00:59:48","00:59:53"
"485","00:59:48","00:59:53"
"486","00:59:48","00:59:53"
"487","00:59:48","00:59:53"
"488","00:59:48","00:59:53"
"489","00:59:48","00:59:53"
"490","00:59:48","00:59:53"
"491","00:59:48","00:59:53"
"492","01:01:01","01:01:09"
"493","01:01:09","01:01:17"
"494","01:01:17","01:01:19"
"495","01:01:29","01:01:32"
"496","01:01:29","01:01:39"
"497","01:01:37","01:01:45"
"498","01:01:43","01:01:45"
"499","01:01:45","01:01:55"
"500","01:01:50","01:01:55"
"501","01:01:50","01:02:04"
"502","01:02:01","01:02:04"
"503","01:02:01","01:02:04"
"504","01:02:01","01:02:04"
"505","01:02:01","01:02:04"
"506","01:02:01","01:02:04"
"507","01:02:01","01:02:04"
"508","01:02:01","01:02:04"
"509","01:02:01","01:02:04"
"510","01:02:01","01:02:04"
"511","01:02:01","01:02:04"
"512","01:02:01","01:02:04"
"513","01:02:01","01:02:04"
"514","01:02:01","01:02:04"
"515","01:02:01","01:02:04"
"516","01:02:01","01:02:04"
"517","01:02:01","01:02:04"
"518","01:02:01","01:02:04"
"519","01:02:01","01:02:04"
"520","01:02:01","01:02:04"
"521","01:02:01","01:02:04"
"522","01:02:01","01:02:04"
"523","01:02:01","01:02:04"
"524","01:02:01","01:02:04"
"525","01:02:01","01:02:04"
"526","01:02:01","01:02:04"
"527","01:02:01","01:02:04"
"528","01:02:01","01:02:04"
"529","01:02:01","01:02:04"
"530","01:02:01","01:02:04"
"531","01:02:01","01:02:04"
"532","01:02:01","01:04:31"
"533","01:04:29","01:04:31"
"534","01:04:29","01:04:31"
"535","01:04:29","01:04:31"
"536","01:04:29","01:04:31"
"537","01:04:29","01:04:31"
"538","01:04:29","01:04:31"
"539","01:04:29","01:04:31"
"540","01:04:29","01:04:31"
"541","01:04:29","01:04:31"
"542","01:04:29","01:04:31"
"543","01:04:29","01:04:31"
"544","01:04:29","01:04:31"
"545","01:04:29","01:04:31"
"546","01:04:29","01:04:31"
"547","01:04:29","01:04:31"
"548","01:04:29","01:04:31"
"549","01:04:29","01:04:31"
"550","01:04:29","01:04:31"
"551","01:04:29","01:04:31"
"552","01:04:29","01:04:31"
"553","01:04:29","01:04:31"
"554","01:04:29","01:04:31"
"555","01:04:29","01:04:31"
"556","01:04:29","01:04:31"
"557","01:04:29","01:04:31"
"558","01:04:29","01:04:31"
"559","01:04:29","01:04:31"
"560","01:04:29","01:04:31"
"561","01:04:29","01:04:31"
"562","01:04:29","01:04:31"
"563","01:04:29","01:04:31"
"564","01:04:29","01:04:31"
"565","01:04:29","01:04:31"
"566","01:04:29","01:04:31"
"567","01:04:29","01:04:31"
"568","01:04:29","01:04:31"
"569","01:04:29","01:04:31"
"570","01:04:29","01:04:31"
"571","01:04:29","01:04:31"
"572","01:04:29","01:04:31"
"573","01:04:29","01:04:31"
"574","01:04:29","01:04:31"
"575","01:04:29","01:04:31"
"576","01:04:29","01:04:31"
"577","01:04:29","01:04:31"
"578","01:04:29","01:04:31"
"579","01:04:29","01:04:31"
"580","01:04:29","01:04:31"
"581","01:04:29","01:04:31"
"582","01:04:29","01:04:31"
"583","01:04:29","01:04:31"
"584","01:04:29","01:04:31"
"585","01:04:29","01:04:31"
"586","01:04:29","01:04:31"
"587","01:04:29","01:04:31"
"588","01:04:29","01:04:31"
"589","01:04:29","01:04:31"
"590","01:04:29","01:04:31"
"591","01:04:29","01:04:31"
"592","01:04:29","01:04:31"
"593","01:04:29","01:04:31"
"594","01:04:29","01:04:31"
"595","01:04:29","01:04:31"
"596","01:04:29","01:04:31"
"597","01:04:29","01:04:31"
"598","01:04:29","01:04:31"
"599","01:04:29","01:04:31"
"600","01:04:29","01:04:31"
"601","01:04:29","01:04:31"
"602","01:04:29","01:04:31"
"603","01:04:29","01:04:31"
"604","01:04:29","01:04:31"
"605","01:04:29","01:04:31"
"606","01:04:29","01:04:31"
"607","01:04:29","01:04:31"
"608","01:04:29","01:04:31"
"609","01:04:29","01:04:31"
"610","01:04:29","01:04:31"
"611","01:04:29","01:04:31"
"612","01:04:29","01:04:31"
"613","01:04:29","01:04:31"
"614","01:04:29","01:04:31"
"615","01:04:29","01:04:31"
"616","01:04:29","01:04:31"
"617","01:04:29","01:04:31"
"618","01:04:29","01:04:31"
"619","01:04:29","01:04:36"
"620","01:04:34","01:04:36"
"621","01:04:34","01:04:36"
"622","01:04:34","01:04:36"
"623","01:04:34","01:04:36"
"624","01:04:48","01:04:52"
"625","01:04:52","01:04:55"
"626","01:04:52","01:04:55"
"627","01:04:52","01:05:08"
"628","01:05:03","01:05:08"
"629","01:05:03","01:05:08"
"630","01:05:03","01:05:08"
"631","01:05:03","01:05:08"
"632","01:05:03","01:05:08"
"633","01:05:11","01:05:14"
"634","01:07:41","01:07:43"
"635","01:07:41","01:07:43"
"636","01:07:41","01:07:43"
"637","01:07:41","01:07:51"
"638","01:07:47","01:07:51"
"639","01:07:47","01:07:51"
"640","01:07:47","01:08:07"
"641","01:08:03","01:08:07"
"642","01:08:03","01:08:07"
"643","01:08:07","01:08:12"
"644","01:08:09","01:08:12"
"645","01:08:09","01:08:12"
"646","01:08:09","01:08:12"
"647","01:08:09","01:08:12"
"648","01:08:09","01:08:12"
"649","01:08:09","01:08:12"
"650","01:08:09","01:08:12"
"651","01:08:09","01:08:12"
"652","01:08:09","01:08:12"
"653","01:08:09","01:08:43"
"654","01:08:41","01:08:43"
"655","01:08:41","01:08:43"
"656","01:08:41","01:08:43"
"657","01:08:41","01:08:43"
"658","01:09:21","01:09:23"
"659","01:13:34","01:13:38"
"660","01:13:48","01:13:51"
"661","01:13:48","01:13:51"
"662","01:13:48","01:13:51"
"663","01:15:16","01:15:19"
"664","01:15:16","01:15:19"
"665","01:15:16","01:16:15"
"666","01:16:11","01:16:15"
"667","01:16:16","01:16:19"
"668","01:16:16","01:16:19"
"669","01:16:16","01:17:37"
"670","01:17:40","01:17:46"
"671","01:17:46","01:17:56"
"672","01:17:57","01:17:59"
"673","01:17:59","01:18:32"
"674","01:18:36","01:19:04"
"675","01:18:58","01:19:12"
"676","01:20:20","01:20:22"
"677","01:20:24","01:20:26"
"678","01:20:43","01:20:47"
"679","01:20:51","01:20:53"
"680","01:20:51","01:20:53"
"681","01:20:51","01:20:53"
"682","01:20:51","01:20:53"
"683","01:20:51","01:20:53"
"684","01:20:51","01:20:53"
"685","01:20:51","01:20:53"
"686","01:20:51","01:20:53"
"687","01:20:51","01:20:53"
"688","01:22:22","01:22:24"
"689","01:22:22","01:22:24"
"690","01:22:22","01:22:24"
"691","01:22:22","01:22:24"
"692","01:22:22","01:22:24"
"693","01:22:22","01:22:24"
"694","01:22:22","01:22:24"
"695","01:22:22","01:22:24"
"696","01:22:22","01:22:24"
"697","01:22:22","01:22:24"
"698","01:22:22","01:22:24"
"699","01:22:22","01:22:24"
"700","01:22:22","01:22:24"
"701","01:22:22","01:22:24"
"702","01:22:22","01:22:24"
"703","01:22:22","01:22:24"
"704","01:22:22","01:22:24"
"705","01:22:22","01:22:24"
"706","01:22:22","01:22:24"
"707","01:22:22","01:22:24"
"708","01:22:22","01:22:24"
"709","01:22:22","01:22:24"
"710","01:22:22","01:22:24"
"711","01:22:22","01:22:24"
"712","01:22:22","01:22:24"
"713","01:22:22","01:22:24"
"714","01:22:22","01:22:24"
"715","01:22:22","01:22:24"
"716","01:22:22","01:24:49"
"717","01:24:48","01:24:49"
"718","01:25:06","01:25:08"
"719","01:25:06","01:25:08"
"720","01:25:06","01:25:08"
"721","01:26:40","01:26:42"
"722","01:26:40","01:26:42"
"723","01:26:40","01:26:42"
"724","01:27:35","01:27:37"
"725","01:27:35","01:27:37"
"726","01:27:35","01:27:37"
"727","01:27:35","01:27:47"
"728","01:27:43","01:27:47"
"729","01:27:43","01:27:47"
"730","01:27:43","01:27:47"
"731","01:27:43","01:27:47"
"732","01:27:43","01:27:47"
"733","01:28:10","01:28:13"
"734","01:28:10","01:28:13"
"735","01:28:10","01:28:13"
"736","01:28:10","01:28:13"
"737","01:28:19","01:28:23"
"738","01:31:52","01:31:54"
"739","01:31:52","01:31:54"
"740","01:31:52","01:31:54"
"741","01:31:52","01:31:54"
"742","01:31:52","01:31:54"
"743","01:31:52","01:31:54"
"744","01:31:52","01:31:54"
"745","01:31:52","01:31:54"
"746","01:31:52","01:31:54"
"747","01:31:52","01:31:54"
"748","01:31:52","01:31:54"
"749","01:31:52","01:31:54"
"750","01:31:52","01:31:54"
"751","01:31:52","01:31:54"
"752","01:31:52","01:31:54"
"753","01:31:52","01:31:54"
"754","01:31:52","01:31:54"
"755","01:31:52","01:31:54"
"756","01:31:52","01:31:54"
"757","01:31:52","01:31:54"
"758","01:31:52","01:31:54"
"759","01:31:52","01:31:54"
"760","01:31:52","01:31:54"
"761","01:31:52","01:31:54"
"762","01:31:52","01:31:54"
"763","01:31:52","01:31:54"
"764","01:31:52","01:31:54"
"765","01:31:52","01:31:54"
"766","01:31:52","01:31:54"
"767","01:31:52","01:31:54"
"768","01:31:52","01:31:54"
"769","01:31:52","01:31:54"
"770","01:31:52","01:31:54"
"771","01:31:52","01:31:54"
"772","01:31:52","01:31:54"
"773","01:31:52","01:31:54"
"774","01:31:52","01:31:54"
"775","01:31:52","01:31:54"
"776","01:31:52","01:31:54"
"777","01:31:52","01:31:54"
"778","01:31:52","01:31:54"
"779","01:31:52","01:31:54"
"780","01:31:52","01:31:54"
"781","01:31:52","01:31:54"
"782","01:31:52","01:31:54"
"783","01:31:52","01:31:54"
"784","01:31:52","01:31:54"
"785","01:31:52","01:31:54"
"786","01:31:52","01:31:54"
"787","01:31:52","01:31:54"
"788","01:31:52","01:31:54"
"789","01:31:52","01:31:54"
"790","01:31:52","01:31:54"
"791","01:31:52","01:31:54"
"792","01:31:52","01:31:54"
"793","01:31:52","01:31:54"
"794","01:31:52","01:31:54"
"795","01:31:52","01:31:54"
"796","01:31:52","01:31:54"
"797","01:31:52","01:31:54"
"798","01:31:52","01:31:54"
"799","01:31:52","01:31:54"
"800","01:31:52","01:31:54"
"801","01:31:52","01:31:54"
"802","01:31:52","01:31:54"
"803","01:31:52","01:31:54"
"804","01:31:52","01:31:54"
"805","01:31:52","01:31:54"
"806","01:31:52","01:31:54"
"807","01:31:52","01:31:54"
"808","01:31:52","01:31:54"
"809","01:31:52","01:31:54"
"810","01:31:52","01:31:54"
"811","01:31:52","01:32:03"
"812","01:32:03","01:32:06"
"813","01:32:03","01:32:06"
"814","01:32:09","01:32:13"
"815","01:32:09","01:32:18"
"816","01:32:16","01:32:18"
"817","01:32:16","01:32:25"
"818","01:32:22","01:32:25"
"819","01:32:22","01:32:25"
"820","01:32:22","01:32:25"
"821","01:32:22","01:32:25"
"822","01:32:22","01:32:25"
"823","01:32:22","01:32:25"
"824","01:32:22","01:33:34"
"825","01:33:31","01:33:34"
"826","01:33:31","01:33:34"
"827","01:33:31","01:33:34"
"828","01:34:11","01:34:13"
"829","01:34:11","01:34:16"
"830","01:34:13","01:34:16"
"831","01:34:13","01:34:16"
"832","01:34:13","01:34:16"
"833","01:34:13","01:34:16"
"834","01:35:12","01:35:28"
"835","01:35:24","01:35:28"
"836","01:35:24","01:35:28"
"837","01:35:46","01:35:50"
"838","01:35:46","01:35:50"
"839","01:35:46","01:35:50"
"840","01:36:18","01:36:24"
"841","01:36:21","01:36:24"
"842","01:36:21","01:36:24"
"843","01:36:21","01:36:24"
"844","01:36:21","01:36:24"
"845","01:36:21","01:36:33"
"846","01:36:28","01:36:33"
"847","01:36:28","01:36:33"
"848","01:36:28","01:36:33"
"849","01:36:28","01:36:33"
"850","01:36:28","01:36:33"
"851","01:36:28","01:36:33"
"852","01:36:28","01:36:33"
"853","01:36:28","01:36:33"
"854","01:36:28","01:37:24"
"855","01:37:20","01:37:24"
"856","01:37:20","01:37:24"
"857","01:37:20","01:37:24"
"858","01:37:20","01:37:39"
"859","01:37:35","01:37:39"
"860","01:37:35","01:37:39"
"861","01:37:35","01:37:39"
"862","01:37:35","01:37:39"
"863","01:37:35","01:37:39"
"864","01:37:35","01:37:39"
"865","01:37:42","01:37:46"
"866","01:37:42","01:37:46"
"867","01:37:42","01:37:46"
"868","01:37:42","01:37:46"
"869","01:37:42","01:37:46"
"870","01:37:42","01:37:46"
"871","01:37:42","01:37:46"
"872","01:37:42","01:37:46"
"873","01:37:42","01:37:46"
"874","01:42:28","01:42:38"
"875","01:42:33","01:42:38"
"876","01:42:39","01:42:49"
"877","01:42:49","01:42:51"
"878","01:42:49","01:42:51"
"879","01:42:49","01:45:11"
"880","01:45:08","01:45:11"
"881","01:45:08","01:45:11"
"882","01:45:08","01:45:18"
"883","01:45:15","01:45:18"
"884","01:45:15","01:45:18"
"885","01:45:15","01:45:18"
"886","01:45:15","01:45:18"
"887","01:45:15","01:45:18"
"888","01:45:15","01:45:18"
"889","01:45:15","01:45:18"
"890","01:45:15","01:45:18"
"891","01:45:15","01:45:18"
"892","01:45:15","01:45:18"
"893","01:45:15","01:45:18"
"894","01:45:15","01:45:18"
"895","01:45:15","01:45:18"
"896","01:45:15","01:45:18"
"897","01:45:15","01:45:18"
"898","01:45:15","01:45:18"
"899","01:45:15","01:45:18"
"900","01:45:15","01:45:18"
"901","01:45:15","01:45:18"
"902","01:45:15","01:45:18"
"903","01:45:15","01:45:18"
"904","01:45:15","01:45:18"
"905","01:46:02","01:46:04"
"906","01:46:02","01:46:04"
"907","01:46:02","01:46:04"
"908","01:46:02","01:46:04"
"909","01:46:02","01:46:04"
"910","01:47:10","01:47:12"
"911","01:47:10","01:47:12"
"912","01:47:10","01:47:12"
"913","01:47:10","01:47:12"
"914","01:47:10","01:47:12"
"915","01:47:10","01:47:12"
"916","01:47:10","01:47:12"
"917","01:47:10","01:47:12"
"918","01:47:10","01:47:12"
"919","01:47:10","01:47:12"
"920","01:47:14","01:47:16"
"921","01:47:14","01:47:20"
"922","01:47:18","01:47:20"
"923","01:47:18","01:47:20"
"924","01:47:18","01:47:20"
"925","01:47:18","01:47:20"
"926","01:47:18","01:47:20"
"927","01:47:18","01:47:20"
"928","01:47:18","01:47:20"
"929","01:47:18","01:47:20"
"930","01:47:18","01:47:20"
"931","01:47:18","01:47:20"
"932","01:47:18","01:47:20"
"933","01:47:18","01:47:20"
"934","01:48:26","01:48:30"
"935","01:48:37","01:48:39"
"936","01:48:39","01:48:42"
"937","01:48:42","01:48:53"
"938","01:49:35","01:49:42"
"939","01:49:39","01:49:42"
"940","01:50:09","01:50:16"
"941","01:50:20","01:50:23"
"942","01:50:27","01:50:34"
"943","01:50:29","01:50:34"
"944","01:50:34","01:50:44"
"945","01:50:40","01:55:36"
"946","01:55:31","01:55:36"
"947","02:00:22","02:00:25"
"948","02:00:22","02:00:25"
"949","02:00:22","02:00:25"
"950","02:00:22","02:00:25"
"951","02:00:22","02:00:25"
"952","02:00:22","02:00:25"
"953","02:00:22","02:00:25"
"954","02:00:22","02:00:25"
"955","02:00:22","02:00:25"
"956","02:00:22","02:00:25"
"957","02:00:22","02:00:25"
"958","02:00:22","02:00:25"
"959","02:00:22","02:00:25"
"960","02:00:22","02:00:25"
"961","02:00:22","02:00:25"
"962","02:00:22","02:00:25"
"963","02:00:22","02:00:25"
"964","02:00:22","02:00:25"
"965","02:00:22","02:00:25"
"966","02:00:22","02:00:25"
"967","02:00:22","02:00:25"
"968","02:00:22","02:00:25"
"969","02:00:22","02:00:25"
"970","02:00:22","02:00:25"
"971","02:00:22","02:00:25"
"972","02:00:22","02:00:25"
"973","02:00:22","02:00:25"
"974","02:00:22","02:00:25"
"975","02:00:22","02:00:25"
"976","02:00:22","02:00:25"
"977","02:00:22","02:00:25"
"1","00:03:00","00:03:06"
"2","00:03:00","00:03:06"
"3","00:03:00","00:03:06"
"978","02:00:22","02:00:25"
"979","02:00:22","02:00:25"
"980","02:00:22","02:00:25"
"981","02:00:22","02:00:25"
"982","02:00:22","02:00:25"
"983","02:00:22","02:00:25"
"984","02:00:22","02:00:25"
"985","02:00:22","02:00:25"
"986","02:00:22","02:00:25"
"987","02:00:22","02:00:25"
"988","02:00:22","02:00:25"
"989","02:00:22","02:00:25"
"990","02:00:22","02:00:25"
"991","02:00:22","02:00:25"
"992","02:00:22","02:00:25"
"993","02:00:22","02:00:25"
"994","02:00:22","02:00:25"
"995","02:00:22","02:00:25"
"996","02:00:22","02:00:25"
"997","02:00:22","02:00:25"
"998","02:00:22","02:00:25"
"999","02:00:22","02:00:25"
"1000","02:00:22","02:00:25"
"1001","02:00:22","02:00:25"
"1006","02:00:22","02:00:25"
"1007","02:00:22","02:00:25"
"1008","02:00:22","02:00:25"
"1009","02:00:22","02:00:25"
"1010","02:00:22","02:00:25"
"1011","02:00:22","02:00:25"
"1012","02:00:22","02:00:25"
"1013","02:00:22","02:00:25"
"1014","02:00:22","02:00:25"
"1015","02:00:22","02:00:25"
"1016","02:00:22","02:00:25"
"1017","02:00:22","02:00:25"
"1018","02:00:22","02:00:25"
"1019","02:00:22","02:00:25"
"1020","02:00:22","02:00:25"
"1021","02:00:22","02:00:25"
"1022","02:00:22","02:00:25"
"1023","02:00:22","02:00:25"
"1024","02:00:22","02:00:25"
"1025","02:00:22","02:00:25"
